{"id":1844,"label":1}
{"id":1845,"label":1}
{"id":1846,"label":1}
{"id":1847,"label":1}
{"id":1848,"label":1}
{"id":1849,"label":1}
{"id":1850,"label":1}
{"id":1851,"label":1}
{"id":1852,"label":1}
{"id":1853,"label":1}
{"id":1854,"label":1}
{"id":1855,"label":1}
{"id":1856,"label":1}
{"id":1857,"label":1}
{"id":1858,"label":1}
{"id":1859,"label":1}
{"id":1860,"label":1}
{"id":1861,"label":1}
{"id":1862,"label":1}
{"id":1863,"label":1}
{"id":1864,"label":1}
{"id":1865,"label":1}
{"id":1866,"label":1}
{"id":1867,"label":1}
{"id":1868,"label":1}
{"id":1869,"label":1}
{"id":1870,"label":1}
{"id":1871,"label":1}
{"id":1872,"label":1}
{"id":1873,"label":1}
{"id":1874,"label":1}
{"id":1875,"label":1}
{"id":1876,"label":1}
{"id":1877,"label":1}
{"id":1878,"label":1}
{"id":1879,"label":1}
{"id":1880,"label":1}
{"id":1881,"label":1}
{"id":1882,"label":1}
{"id":1883,"label":1}
{"id":1884,"label":1}
{"id":1885,"label":1}
{"id":1886,"label":1}
{"id":1887,"label":1}
{"id":1888,"label":1}
{"id":1889,"label":1}
{"id":1890,"label":1}
{"id":1891,"label":1}
{"id":1892,"label":1}
{"id":1893,"label":1}
{"id":1894,"label":1}
{"id":1895,"label":1}
{"id":1896,"label":1}
{"id":1897,"label":1}
{"id":1898,"label":1}
{"id":1899,"label":1}
{"id":1900,"label":1}
{"id":1901,"label":1}
{"id":1902,"label":1}
{"id":1903,"label":1}
{"id":1904,"label":1}
{"id":1905,"label":1}
{"id":1906,"label":1}
{"id":1907,"label":1}
{"id":1908,"label":1}
{"id":1909,"label":1}
{"id":1910,"label":1}
{"id":1911,"label":1}
{"id":1912,"label":1}
{"id":1913,"label":1}
{"id":1914,"label":1}
{"id":1915,"label":1}
{"id":1916,"label":1}
{"id":1917,"label":1}
{"id":1918,"label":1}
{"id":1919,"label":1}
{"id":1920,"label":1}
{"id":1921,"label":1}
{"id":1922,"label":1}
{"id":1923,"label":1}
{"id":1924,"label":1}
{"id":1925,"label":1}
{"id":1926,"label":1}
{"id":1927,"label":1}
{"id":1928,"label":1}
{"id":1929,"label":1}
{"id":1930,"label":1}
{"id":1931,"label":1}
{"id":1932,"label":1}
{"id":1933,"label":1}
{"id":1934,"label":1}
{"id":1935,"label":1}
{"id":1936,"label":1}
{"id":1937,"label":1}
{"id":1938,"label":1}
{"id":1939,"label":1}
{"id":1940,"label":1}
{"id":1941,"label":1}
{"id":1942,"label":1}
{"id":1943,"label":1}
{"id":1944,"label":1}
{"id":1945,"label":1}
{"id":1946,"label":1}
{"id":1947,"label":1}
{"id":1948,"label":1}
{"id":1949,"label":1}
{"id":1950,"label":1}
{"id":1951,"label":1}
{"id":1952,"label":1}
{"id":1953,"label":1}
{"id":1954,"label":1}
{"id":1955,"label":1}
{"id":1956,"label":1}
{"id":1957,"label":1}
{"id":1958,"label":1}
{"id":1959,"label":1}
{"id":1960,"label":1}
{"id":1961,"label":1}
{"id":1962,"label":1}
{"id":1963,"label":1}
{"id":1964,"label":1}
{"id":1965,"label":1}
{"id":1966,"label":1}
{"id":1967,"label":1}
{"id":1968,"label":1}
{"id":1969,"label":1}
{"id":1970,"label":1}
{"id":1971,"label":1}
{"id":1972,"label":1}
{"id":1973,"label":1}
{"id":1974,"label":1}
{"id":1975,"label":1}
{"id":1976,"label":1}
{"id":1977,"label":1}
{"id":1978,"label":1}
{"id":1979,"label":1}
{"id":1980,"label":1}
{"id":1981,"label":1}
{"id":1982,"label":1}
{"id":1983,"label":1}
{"id":1984,"label":1}
{"id":1985,"label":1}
{"id":1986,"label":1}
{"id":1987,"label":1}
{"id":1988,"label":1}
{"id":1989,"label":1}
{"id":1990,"label":1}
{"id":1991,"label":1}
{"id":1992,"label":1}
{"id":1993,"label":3}
{"id":1994,"label":1}
{"id":1995,"label":1}
{"id":1996,"label":1}
{"id":1997,"label":1}
{"id":1998,"label":1}
{"id":1999,"label":1}
{"id":2000,"label":1}
{"id":2001,"label":1}
{"id":2002,"label":1}
{"id":2003,"label":1}
{"id":2004,"label":1}
{"id":2005,"label":1}
{"id":2006,"label":1}
{"id":2007,"label":1}
{"id":2008,"label":1}
{"id":2009,"label":1}
{"id":2010,"label":1}
{"id":2011,"label":1}
{"id":2012,"label":1}
{"id":2013,"label":1}
{"id":2014,"label":1}
{"id":2015,"label":1}
{"id":2016,"label":1}
{"id":2017,"label":1}
{"id":2018,"label":1}
{"id":2019,"label":1}
{"id":2020,"label":1}
{"id":2021,"label":1}
{"id":2022,"label":1}
{"id":2023,"label":1}
{"id":2024,"label":1}
{"id":2025,"label":1}
{"id":2026,"label":1}
{"id":2027,"label":1}
{"id":2028,"label":1}
{"id":2029,"label":1}
{"id":2030,"label":1}
{"id":2031,"label":1}
{"id":2032,"label":1}
{"id":2033,"label":1}
{"id":2034,"label":1}
{"id":2035,"label":1}
{"id":2036,"label":1}
{"id":2037,"label":1}
{"id":2038,"label":1}
{"id":2039,"label":1}
{"id":2040,"label":1}
{"id":2041,"label":1}
{"id":2042,"label":1}
{"id":2043,"label":1}
{"id":2044,"label":1}
{"id":2045,"label":1}
{"id":2046,"label":1}
{"id":2047,"label":1}
{"id":2048,"label":1}
{"id":2049,"label":1}
{"id":2050,"label":1}
{"id":2051,"label":1}
{"id":2052,"label":1}
{"id":2053,"label":1}
{"id":2054,"label":1}
{"id":2055,"label":1}
{"id":2056,"label":1}
{"id":2057,"label":1}
{"id":2058,"label":1}
{"id":2059,"label":1}
{"id":2060,"label":1}
{"id":2061,"label":1}
{"id":2062,"label":1}
{"id":2063,"label":1}
{"id":2064,"label":1}
{"id":2065,"label":1}
{"id":2066,"label":1}
{"id":2067,"label":1}
{"id":2068,"label":1}
{"id":2069,"label":1}
{"id":2070,"label":1}
{"id":2071,"label":1}
{"id":2072,"label":1}
{"id":2073,"label":1}
{"id":2074,"label":1}
{"id":2075,"label":1}
{"id":2076,"label":1}
{"id":2077,"label":1}
{"id":2078,"label":1}
{"id":2079,"label":1}
{"id":2080,"label":1}
{"id":2081,"label":1}
{"id":2082,"label":1}
{"id":2083,"label":1}
{"id":2084,"label":1}
{"id":2085,"label":1}
{"id":2086,"label":1}
{"id":2087,"label":1}
{"id":2088,"label":1}
{"id":2089,"label":1}
{"id":2090,"label":1}
{"id":2091,"label":1}
{"id":2092,"label":1}
{"id":2093,"label":1}
{"id":2094,"label":1}
{"id":2095,"label":1}
{"id":2096,"label":1}
{"id":2097,"label":1}
{"id":2098,"label":1}
{"id":2099,"label":1}
{"id":2100,"label":1}
{"id":2101,"label":1}
{"id":2102,"label":1}
{"id":2103,"label":1}
{"id":2104,"label":1}
{"id":2105,"label":1}
{"id":2106,"label":1}
{"id":2107,"label":1}
{"id":2108,"label":1}
{"id":2109,"label":1}
{"id":2110,"label":1}
{"id":2111,"label":1}
{"id":2112,"label":1}
{"id":2113,"label":1}
{"id":2114,"label":1}
{"id":2115,"label":1}
{"id":2116,"label":1}
{"id":2117,"label":1}
{"id":2118,"label":1}
{"id":2119,"label":1}
{"id":2120,"label":1}
{"id":2121,"label":1}
{"id":2122,"label":1}
{"id":2123,"label":1}
{"id":2124,"label":1}
{"id":2125,"label":1}
{"id":2126,"label":1}
{"id":2127,"label":1}
{"id":2128,"label":1}
{"id":2129,"label":1}
{"id":2130,"label":1}
{"id":2131,"label":1}
{"id":2132,"label":1}
{"id":2133,"label":1}
{"id":2134,"label":1}
{"id":2135,"label":1}
{"id":2136,"label":1}
{"id":2137,"label":1}
{"id":2138,"label":1}
{"id":2139,"label":1}
{"id":2140,"label":1}
{"id":2141,"label":1}
{"id":2142,"label":1}
{"id":2143,"label":1}
{"id":2144,"label":1}
{"id":2145,"label":1}
{"id":2146,"label":1}
{"id":2147,"label":1}
{"id":2148,"label":1}
{"id":2149,"label":1}
{"id":2150,"label":1}
{"id":2151,"label":1}
{"id":2152,"label":1}
{"id":2153,"label":1}
{"id":2154,"label":1}
{"id":2155,"label":1}
{"id":2156,"label":1}
{"id":2157,"label":1}
{"id":2158,"label":1}
{"id":2159,"label":1}
{"id":2160,"label":1}
{"id":2161,"label":1}
{"id":2162,"label":1}
{"id":2163,"label":1}
{"id":2164,"label":1}
{"id":2165,"label":1}
{"id":2166,"label":1}
{"id":2167,"label":1}
{"id":2168,"label":1}
{"id":2169,"label":1}
{"id":2170,"label":1}
{"id":2171,"label":1}
{"id":2172,"label":1}
{"id":2173,"label":1}
{"id":2174,"label":1}
{"id":2175,"label":1}
{"id":2176,"label":1}
{"id":2177,"label":1}
{"id":2178,"label":1}
{"id":2179,"label":1}
{"id":2180,"label":1}
{"id":2181,"label":1}
{"id":2182,"label":1}
{"id":2183,"label":1}
{"id":2184,"label":1}
{"id":2185,"label":1}
{"id":2186,"label":1}
{"id":2187,"label":1}
{"id":2188,"label":1}
{"id":2189,"label":1}
{"id":2190,"label":1}
{"id":2191,"label":1}
{"id":2192,"label":1}
{"id":2193,"label":1}
{"id":2194,"label":1}
{"id":2195,"label":1}
{"id":2196,"label":1}
{"id":2197,"label":1}
{"id":2198,"label":1}
{"id":2199,"label":1}
{"id":2200,"label":1}
{"id":2201,"label":1}
{"id":2202,"label":1}
{"id":2203,"label":1}
{"id":2204,"label":1}
{"id":2205,"label":1}
{"id":2206,"label":1}
{"id":2207,"label":1}
{"id":2208,"label":1}
{"id":2209,"label":1}
{"id":2210,"label":1}
{"id":2211,"label":1}
{"id":2212,"label":1}
{"id":2213,"label":1}
{"id":2214,"label":1}
{"id":2215,"label":1}
{"id":2216,"label":1}
{"id":2217,"label":1}
{"id":2218,"label":1}
{"id":2219,"label":1}
{"id":2220,"label":1}
{"id":2221,"label":1}
{"id":2222,"label":1}
{"id":2223,"label":1}
{"id":2224,"label":1}
{"id":2225,"label":1}
{"id":2226,"label":1}
{"id":2227,"label":1}
{"id":2228,"label":1}
{"id":2229,"label":1}
{"id":2230,"label":1}
{"id":2231,"label":1}
{"id":2232,"label":1}
{"id":2233,"label":1}
{"id":2234,"label":1}
{"id":2235,"label":1}
{"id":2236,"label":1}
{"id":2237,"label":1}
{"id":2238,"label":1}
{"id":2239,"label":1}
{"id":2240,"label":1}
{"id":2241,"label":1}
{"id":2242,"label":1}
{"id":2243,"label":1}
{"id":2244,"label":3}
{"id":2245,"label":1}
{"id":2246,"label":1}
{"id":2247,"label":1}
{"id":2248,"label":1}
{"id":2249,"label":1}
{"id":2250,"label":1}
{"id":2251,"label":1}
{"id":2252,"label":1}
{"id":2253,"label":1}
{"id":2254,"label":1}
{"id":2255,"label":1}
{"id":2256,"label":1}
{"id":2257,"label":1}
{"id":2258,"label":1}
{"id":2259,"label":1}
{"id":2260,"label":1}
{"id":2261,"label":1}
{"id":2262,"label":1}
{"id":2263,"label":1}
{"id":2264,"label":1}
{"id":2265,"label":1}
{"id":2266,"label":1}
{"id":2267,"label":1}
{"id":2268,"label":1}
{"id":2269,"label":1}
{"id":2270,"label":1}
{"id":2271,"label":1}
{"id":2272,"label":1}
{"id":2273,"label":1}
{"id":2274,"label":1}
{"id":2275,"label":1}
{"id":2276,"label":1}
{"id":2277,"label":1}
{"id":2278,"label":1}
{"id":2279,"label":1}
{"id":2280,"label":1}
{"id":2281,"label":1}
{"id":2282,"label":1}
{"id":2283,"label":1}
{"id":2284,"label":1}
{"id":2285,"label":1}
{"id":2286,"label":1}
{"id":2287,"label":1}
{"id":2288,"label":1}
{"id":2289,"label":1}
{"id":2290,"label":1}
{"id":2291,"label":1}
{"id":2292,"label":1}
{"id":2293,"label":1}
{"id":2294,"label":1}
{"id":2295,"label":1}
{"id":2296,"label":1}
{"id":2297,"label":1}
{"id":2298,"label":1}
{"id":2299,"label":1}
{"id":2300,"label":1}
{"id":2301,"label":1}
{"id":2302,"label":1}
{"id":2303,"label":1}
{"id":2304,"label":1}
{"id":2305,"label":1}
{"id":2306,"label":1}
{"id":2307,"label":1}
{"id":2308,"label":1}
{"id":2309,"label":1}
{"id":2310,"label":1}
{"id":2311,"label":1}
{"id":2312,"label":1}
{"id":2313,"label":1}
{"id":2314,"label":1}
{"id":2315,"label":1}
{"id":2316,"label":1}
{"id":2317,"label":1}
{"id":2318,"label":1}
{"id":2319,"label":1}
{"id":2320,"label":1}
{"id":2321,"label":1}
{"id":2322,"label":1}
{"id":2323,"label":1}
{"id":2324,"label":1}
{"id":2325,"label":1}
{"id":2326,"label":1}
{"id":2327,"label":1}
{"id":2328,"label":1}
{"id":2329,"label":1}
{"id":2330,"label":1}
{"id":2331,"label":1}
{"id":2332,"label":1}
{"id":2333,"label":1}
{"id":2334,"label":1}
{"id":2335,"label":1}
{"id":2336,"label":1}
{"id":2337,"label":1}
{"id":2338,"label":1}
{"id":2339,"label":1}
{"id":2340,"label":1}
{"id":2341,"label":1}
{"id":2342,"label":1}
{"id":2343,"label":1}
{"id":4701,"label":0}
{"id":4702,"label":1}
{"id":4703,"label":0}
{"id":4704,"label":4}
{"id":4705,"label":0}
{"id":4706,"label":0}
{"id":4707,"label":0}
{"id":4708,"label":2}
{"id":4709,"label":0}
{"id":4710,"label":0}
{"id":4711,"label":3}
{"id":4712,"label":0}
{"id":4713,"label":0}
{"id":4714,"label":0}
{"id":4715,"label":0}
{"id":4716,"label":0}
{"id":4717,"label":0}
{"id":4718,"label":0}
{"id":4719,"label":4}
{"id":4720,"label":0}
{"id":4721,"label":0}
{"id":4722,"label":0}
{"id":4723,"label":5}
{"id":4724,"label":0}
{"id":4725,"label":1}
{"id":4726,"label":0}
{"id":4727,"label":0}
{"id":4728,"label":0}
{"id":4729,"label":0}
{"id":4730,"label":5}
{"id":4731,"label":0}
{"id":4732,"label":0}
{"id":4733,"label":0}
{"id":4734,"label":0}
{"id":4735,"label":0}
{"id":4736,"label":0}
{"id":4737,"label":0}
{"id":4738,"label":0}
{"id":4739,"label":0}
{"id":4740,"label":3}
{"id":4741,"label":0}
{"id":4742,"label":0}
{"id":4743,"label":4}
{"id":4744,"label":0}
{"id":4745,"label":1}
{"id":4746,"label":0}
{"id":4747,"label":2}
{"id":4748,"label":0}
{"id":4749,"label":0}
{"id":4750,"label":0}
{"id":4751,"label":0}
{"id":4752,"label":0}
{"id":4753,"label":0}
{"id":4754,"label":0}
{"id":4755,"label":0}
{"id":4756,"label":0}
{"id":4757,"label":0}
{"id":4758,"label":0}
{"id":4759,"label":0}
{"id":4760,"label":0}
{"id":4761,"label":0}
{"id":4762,"label":0}
{"id":4763,"label":4}
{"id":4764,"label":2}
{"id":4765,"label":4}
{"id":4766,"label":1}
{"id":4767,"label":0}
{"id":4768,"label":1}
{"id":4769,"label":0}
{"id":4770,"label":0}
{"id":4771,"label":0}
{"id":4772,"label":0}
{"id":4773,"label":0}
{"id":4774,"label":0}
{"id":4775,"label":4}
{"id":4776,"label":0}
{"id":4777,"label":0}
{"id":4778,"label":0}
{"id":4779,"label":0}
{"id":4780,"label":1}
{"id":4781,"label":0}
{"id":4782,"label":4}
{"id":4783,"label":0}
{"id":4784,"label":0}
{"id":4785,"label":0}
{"id":4786,"label":0}
{"id":4787,"label":0}
{"id":4788,"label":4}
{"id":4789,"label":0}
{"id":4790,"label":4}
{"id":4791,"label":0}
{"id":4792,"label":4}
{"id":4793,"label":0}
{"id":4794,"label":4}
{"id":4795,"label":0}
{"id":4796,"label":0}
{"id":4797,"label":0}
{"id":4798,"label":4}
{"id":4799,"label":4}
{"id":4800,"label":4}
{"id":4801,"label":4}
{"id":4802,"label":4}
{"id":4803,"label":0}
{"id":4804,"label":0}
{"id":4805,"label":3}
{"id":4806,"label":0}
{"id":4807,"label":0}
{"id":4808,"label":0}
{"id":4809,"label":0}
{"id":4810,"label":0}
{"id":4811,"label":0}
{"id":4812,"label":4}
{"id":4813,"label":0}
{"id":4814,"label":3}
{"id":4815,"label":0}
{"id":4816,"label":0}
{"id":4817,"label":0}
{"id":4818,"label":0}
{"id":4819,"label":0}
{"id":4820,"label":0}
{"id":4821,"label":0}
{"id":4822,"label":3}
{"id":4823,"label":1}
{"id":4824,"label":3}
{"id":4825,"label":0}
{"id":4826,"label":0}
{"id":4827,"label":0}
{"id":4828,"label":0}
{"id":4829,"label":3}
{"id":4830,"label":0}
{"id":4831,"label":2}
{"id":4832,"label":0}
{"id":4833,"label":0}
{"id":4834,"label":0}
{"id":4835,"label":4}
{"id":4836,"label":4}
{"id":4837,"label":0}
{"id":4838,"label":0}
{"id":4839,"label":0}
{"id":4840,"label":0}
{"id":4841,"label":4}
{"id":4842,"label":0}
{"id":4843,"label":3}
{"id":4844,"label":4}
{"id":4845,"label":0}
{"id":4846,"label":0}
{"id":4847,"label":0}
{"id":4848,"label":0}
{"id":4849,"label":0}
{"id":4850,"label":0}
{"id":4851,"label":2}
{"id":4852,"label":0}
{"id":4853,"label":0}
{"id":4854,"label":0}
{"id":4855,"label":0}
{"id":4856,"label":0}
{"id":4857,"label":0}
{"id":4858,"label":0}
{"id":4859,"label":1}
{"id":4860,"label":0}
{"id":4861,"label":0}
{"id":4862,"label":0}
{"id":4863,"label":0}
{"id":4864,"label":0}
{"id":4865,"label":0}
{"id":4866,"label":0}
{"id":4867,"label":0}
{"id":4868,"label":0}
{"id":4869,"label":4}
{"id":4870,"label":0}
{"id":4871,"label":0}
{"id":4872,"label":0}
{"id":4873,"label":0}
{"id":4874,"label":0}
{"id":4875,"label":0}
{"id":4876,"label":0}
{"id":4877,"label":0}
{"id":4878,"label":0}
{"id":4879,"label":0}
{"id":4880,"label":0}
{"id":4881,"label":4}
{"id":4882,"label":4}
{"id":4883,"label":0}
{"id":4884,"label":3}
{"id":4885,"label":0}
{"id":4886,"label":0}
{"id":4887,"label":1}
{"id":4888,"label":3}
{"id":4889,"label":1}
{"id":4890,"label":0}
{"id":4891,"label":0}
{"id":4892,"label":0}
{"id":4893,"label":0}
{"id":4894,"label":0}
{"id":4895,"label":0}
{"id":4896,"label":0}
{"id":4897,"label":0}
{"id":4898,"label":0}
{"id":4899,"label":1}
{"id":4900,"label":4}
{"id":4901,"label":3}
{"id":4902,"label":3}
{"id":4903,"label":3}
{"id":4904,"label":3}
{"id":4905,"label":3}
{"id":4906,"label":3}
{"id":4907,"label":0}
{"id":4908,"label":3}
{"id":4909,"label":0}
{"id":4910,"label":2}
{"id":4911,"label":3}
{"id":4912,"label":2}
{"id":4913,"label":0}
{"id":4914,"label":3}
{"id":4915,"label":0}
{"id":4916,"label":0}
{"id":4917,"label":0}
{"id":4918,"label":4}
{"id":4919,"label":4}
{"id":4920,"label":3}
{"id":4921,"label":0}
{"id":4922,"label":0}
{"id":4923,"label":4}
{"id":4924,"label":1}
{"id":4925,"label":0}
{"id":4926,"label":0}
{"id":4927,"label":0}
{"id":4928,"label":0}
{"id":4929,"label":4}
{"id":4930,"label":0}
{"id":4931,"label":0}
{"id":4932,"label":0}
{"id":4933,"label":4}
{"id":4934,"label":4}
{"id":4935,"label":0}
{"id":4936,"label":1}
{"id":4937,"label":1}
{"id":4938,"label":0}
{"id":4939,"label":0}
{"id":4940,"label":0}
{"id":4941,"label":4}
{"id":4942,"label":5}
{"id":4943,"label":0}
{"id":4944,"label":4}
{"id":4945,"label":0}
{"id":4946,"label":0}
{"id":4947,"label":4}
{"id":4948,"label":0}
{"id":4949,"label":0}
{"id":4950,"label":0}
{"id":4951,"label":0}
{"id":4952,"label":3}
{"id":4953,"label":0}
{"id":4954,"label":0}
{"id":4955,"label":0}
{"id":4956,"label":0}
{"id":4957,"label":0}
{"id":4958,"label":3}
{"id":4959,"label":0}
{"id":4960,"label":0}
{"id":4961,"label":0}
{"id":4962,"label":0}
{"id":4963,"label":3}
{"id":4964,"label":0}
{"id":4965,"label":0}
{"id":4966,"label":0}
{"id":4967,"label":4}
{"id":4968,"label":4}
{"id":4969,"label":4}
{"id":4970,"label":1}
{"id":4971,"label":0}
{"id":4972,"label":5}
{"id":4973,"label":0}
{"id":4974,"label":0}
{"id":4975,"label":0}
{"id":4976,"label":0}
{"id":4977,"label":0}
{"id":4978,"label":0}
{"id":4979,"label":4}
{"id":4980,"label":0}
{"id":4981,"label":3}
{"id":4982,"label":0}
{"id":4983,"label":4}
{"id":4984,"label":0}
{"id":4985,"label":3}
{"id":4986,"label":0}
{"id":4987,"label":0}
{"id":4988,"label":0}
{"id":4989,"label":0}
{"id":4990,"label":0}
{"id":4991,"label":4}
{"id":4992,"label":0}
{"id":4993,"label":0}
{"id":4994,"label":0}
{"id":4995,"label":0}
{"id":4996,"label":3}
{"id":4997,"label":4}
{"id":4998,"label":4}
{"id":4999,"label":0}
{"id":5000,"label":0}
{"id":5001,"label":0}
{"id":5002,"label":0}
{"id":5003,"label":4}
{"id":5004,"label":0}
{"id":5005,"label":1}
{"id":5006,"label":0}
{"id":5007,"label":0}
{"id":5008,"label":0}
{"id":5009,"label":0}
{"id":5010,"label":0}
{"id":5011,"label":0}
{"id":5012,"label":0}
{"id":5013,"label":0}
{"id":5014,"label":0}
{"id":5015,"label":0}
{"id":5016,"label":0}
{"id":5017,"label":1}
{"id":5018,"label":0}
{"id":5019,"label":0}
{"id":5020,"label":0}
{"id":5021,"label":0}
{"id":5022,"label":1}
{"id":5023,"label":0}
{"id":5024,"label":1}
{"id":5025,"label":0}
{"id":5026,"label":0}
{"id":5027,"label":0}
{"id":5028,"label":0}
{"id":5029,"label":2}
{"id":5030,"label":3}
{"id":5031,"label":4}
{"id":5032,"label":0}
{"id":5033,"label":0}
{"id":5034,"label":0}
{"id":5035,"label":0}
{"id":5036,"label":1}
{"id":5037,"label":0}
{"id":5038,"label":4}
{"id":5039,"label":4}
{"id":5040,"label":4}
{"id":5041,"label":4}
{"id":5042,"label":0}
{"id":5043,"label":3}
{"id":5044,"label":3}
{"id":5045,"label":3}
{"id":5046,"label":0}
{"id":5047,"label":0}
{"id":5048,"label":0}
{"id":5049,"label":0}
{"id":5050,"label":0}
{"id":5051,"label":0}
{"id":5052,"label":4}
{"id":5053,"label":0}
{"id":5054,"label":0}
{"id":5055,"label":4}
{"id":5056,"label":0}
{"id":5057,"label":0}
{"id":5058,"label":1}
{"id":5059,"label":3}
{"id":5060,"label":0}
{"id":5061,"label":0}
{"id":5062,"label":0}
{"id":5063,"label":0}
{"id":5064,"label":0}
{"id":5065,"label":0}
{"id":5066,"label":0}
{"id":5067,"label":0}
{"id":5068,"label":0}
{"id":5069,"label":3}
{"id":5070,"label":0}
{"id":5071,"label":0}
{"id":5072,"label":0}
{"id":5073,"label":4}
{"id":5074,"label":1}
{"id":5075,"label":3}
{"id":5076,"label":2}
{"id":5077,"label":0}
{"id":5078,"label":0}
{"id":5079,"label":0}
{"id":5080,"label":0}
{"id":5081,"label":2}
{"id":5082,"label":0}
{"id":5083,"label":0}
{"id":5084,"label":0}
{"id":5085,"label":0}
{"id":5086,"label":4}
{"id":5087,"label":0}
{"id":5088,"label":0}
{"id":5089,"label":0}
{"id":5090,"label":4}
{"id":5091,"label":1}
{"id":5092,"label":0}
{"id":5093,"label":0}
{"id":5094,"label":4}
{"id":5095,"label":0}
{"id":5096,"label":0}
{"id":5097,"label":0}
{"id":5098,"label":0}
{"id":5099,"label":0}
{"id":5100,"label":5}
{"id":5101,"label":0}
{"id":5102,"label":5}
{"id":5103,"label":0}
{"id":5104,"label":0}
{"id":5105,"label":4}
{"id":5106,"label":0}
{"id":5107,"label":4}
{"id":5108,"label":0}
{"id":5109,"label":0}
{"id":5110,"label":1}
{"id":5111,"label":4}
{"id":5112,"label":0}
{"id":5113,"label":0}
{"id":5114,"label":0}
{"id":5115,"label":0}
{"id":5116,"label":0}
{"id":5117,"label":3}
{"id":5118,"label":0}
{"id":5119,"label":0}
{"id":5120,"label":0}
{"id":5121,"label":3}
{"id":5122,"label":2}
{"id":5123,"label":0}
{"id":5124,"label":0}
{"id":5125,"label":0}
{"id":5126,"label":4}
{"id":5127,"label":0}
{"id":5128,"label":0}
{"id":5129,"label":0}
{"id":5130,"label":0}
{"id":5131,"label":3}
{"id":5132,"label":5}
{"id":5133,"label":0}
{"id":5134,"label":0}
{"id":5135,"label":4}
{"id":5136,"label":1}
{"id":5137,"label":0}
{"id":5138,"label":3}
{"id":5139,"label":0}
{"id":5140,"label":0}
{"id":5141,"label":0}
{"id":5142,"label":0}
{"id":5143,"label":0}
{"id":5144,"label":3}
{"id":5145,"label":4}
{"id":5146,"label":0}
{"id":5147,"label":0}
{"id":5148,"label":4}
{"id":5149,"label":0}
{"id":5150,"label":4}
{"id":5151,"label":0}
{"id":5152,"label":0}
{"id":5153,"label":5}
{"id":5154,"label":0}
{"id":5155,"label":0}
{"id":5156,"label":4}
{"id":5157,"label":4}
{"id":5158,"label":0}
{"id":5159,"label":0}
{"id":5160,"label":0}
{"id":5161,"label":0}
{"id":5162,"label":0}
{"id":5163,"label":0}
{"id":5164,"label":0}
{"id":5165,"label":4}
{"id":5166,"label":0}
{"id":5167,"label":3}
{"id":5168,"label":0}
{"id":5169,"label":0}
{"id":5170,"label":0}
{"id":5171,"label":5}
{"id":5172,"label":0}
{"id":5173,"label":0}
{"id":5174,"label":0}
{"id":5175,"label":4}
{"id":5176,"label":0}
{"id":5177,"label":0}
{"id":5178,"label":5}
{"id":5179,"label":3}
{"id":5180,"label":0}
{"id":5181,"label":0}
{"id":5182,"label":5}
{"id":5183,"label":0}
{"id":5184,"label":0}
{"id":5185,"label":0}
{"id":5186,"label":3}
{"id":5187,"label":4}
{"id":5188,"label":0}
{"id":5189,"label":0}
{"id":5190,"label":0}
{"id":5191,"label":0}
{"id":5192,"label":4}
{"id":5193,"label":0}
{"id":5194,"label":4}
{"id":5195,"label":0}
{"id":5196,"label":0}
{"id":5197,"label":0}
{"id":5198,"label":0}
{"id":5199,"label":0}
{"id":5200,"label":0}
{"id":7045,"label":2}
{"id":7046,"label":2}
{"id":7047,"label":2}
{"id":7048,"label":3}
{"id":7049,"label":2}
{"id":7050,"label":2}
{"id":7051,"label":2}
{"id":7052,"label":2}
{"id":7053,"label":2}
{"id":7054,"label":2}
{"id":7055,"label":2}
{"id":7056,"label":2}
{"id":7057,"label":2}
{"id":7058,"label":2}
{"id":7059,"label":2}
{"id":7060,"label":2}
{"id":7061,"label":2}
{"id":7062,"label":2}
{"id":7063,"label":2}
{"id":7064,"label":2}
{"id":7065,"label":2}
{"id":7066,"label":2}
{"id":7067,"label":2}
{"id":7068,"label":3}
{"id":7069,"label":2}
{"id":7070,"label":2}
{"id":7071,"label":2}
{"id":7072,"label":2}
{"id":7073,"label":2}
{"id":7074,"label":2}
{"id":7075,"label":2}
{"id":7076,"label":2}
{"id":7077,"label":2}
{"id":7078,"label":2}
{"id":7079,"label":2}
{"id":7080,"label":2}
{"id":7081,"label":2}
{"id":7082,"label":2}
{"id":7083,"label":2}
{"id":7084,"label":2}
{"id":7085,"label":2}
{"id":7086,"label":2}
{"id":7087,"label":2}
{"id":7088,"label":2}
{"id":7089,"label":2}
{"id":7090,"label":2}
{"id":7091,"label":2}
{"id":7092,"label":2}
{"id":7093,"label":2}
{"id":7094,"label":2}
{"id":7095,"label":2}
{"id":7096,"label":2}
{"id":7097,"label":2}
{"id":7098,"label":2}
{"id":7099,"label":2}
{"id":7100,"label":2}
{"id":7101,"label":2}
{"id":7102,"label":2}
{"id":7103,"label":2}
{"id":7104,"label":2}
{"id":7105,"label":2}
{"id":7106,"label":2}
{"id":7107,"label":2}
{"id":7108,"label":2}
{"id":7109,"label":2}
{"id":7110,"label":2}
{"id":7111,"label":2}
{"id":7112,"label":2}
{"id":7113,"label":2}
{"id":7114,"label":2}
{"id":7115,"label":2}
{"id":7116,"label":2}
{"id":7117,"label":2}
{"id":7118,"label":2}
{"id":7119,"label":2}
{"id":7120,"label":2}
{"id":7121,"label":2}
{"id":7122,"label":2}
{"id":7123,"label":2}
{"id":7124,"label":3}
{"id":7125,"label":2}
{"id":7126,"label":2}
{"id":7127,"label":2}
{"id":7128,"label":2}
{"id":7129,"label":2}
{"id":7130,"label":2}
{"id":7131,"label":2}
{"id":7132,"label":2}
{"id":7133,"label":2}
{"id":7134,"label":2}
{"id":7135,"label":2}
{"id":7136,"label":3}
{"id":7137,"label":2}
{"id":7138,"label":2}
{"id":7139,"label":2}
{"id":7140,"label":2}
{"id":7141,"label":2}
{"id":7142,"label":2}
{"id":7143,"label":2}
{"id":7144,"label":2}
{"id":7145,"label":2}
{"id":7146,"label":2}
{"id":7147,"label":2}
{"id":7148,"label":2}
{"id":7149,"label":2}
{"id":7150,"label":2}
{"id":7151,"label":2}
{"id":7152,"label":2}
{"id":7153,"label":2}
{"id":7154,"label":2}
{"id":7155,"label":2}
{"id":7156,"label":2}
{"id":7157,"label":2}
{"id":7158,"label":2}
{"id":7159,"label":2}
{"id":7160,"label":2}
{"id":7161,"label":2}
{"id":7162,"label":2}
{"id":7163,"label":2}
{"id":7164,"label":3}
{"id":7165,"label":2}
{"id":7166,"label":2}
{"id":7167,"label":2}
{"id":7168,"label":3}
{"id":7169,"label":2}
{"id":7170,"label":2}
{"id":7171,"label":2}
{"id":7172,"label":2}
{"id":7173,"label":2}
{"id":7174,"label":2}
{"id":7175,"label":2}
{"id":7176,"label":2}
{"id":7177,"label":2}
{"id":7178,"label":2}
{"id":7179,"label":2}
{"id":7180,"label":2}
{"id":7181,"label":2}
{"id":7182,"label":2}
{"id":7183,"label":2}
{"id":7184,"label":2}
{"id":7185,"label":2}
{"id":7186,"label":2}
{"id":7187,"label":2}
{"id":7188,"label":2}
{"id":7189,"label":2}
{"id":7190,"label":2}
{"id":7191,"label":2}
{"id":7192,"label":2}
{"id":7193,"label":2}
{"id":7194,"label":2}
{"id":7195,"label":2}
{"id":7196,"label":2}
{"id":7197,"label":2}
{"id":7198,"label":2}
{"id":7199,"label":2}
{"id":7200,"label":2}
{"id":7201,"label":2}
{"id":7202,"label":2}
{"id":7203,"label":2}
{"id":7204,"label":2}
{"id":7205,"label":2}
{"id":7206,"label":2}
{"id":7207,"label":1}
{"id":7208,"label":1}
{"id":7209,"label":2}
{"id":7210,"label":2}
{"id":7211,"label":2}
{"id":7212,"label":2}
{"id":7213,"label":2}
{"id":7214,"label":2}
{"id":7215,"label":2}
{"id":7216,"label":2}
{"id":7217,"label":2}
{"id":7218,"label":2}
{"id":7219,"label":2}
{"id":7220,"label":2}
{"id":7221,"label":2}
{"id":7222,"label":2}
{"id":7223,"label":2}
{"id":7224,"label":2}
{"id":7225,"label":2}
{"id":7226,"label":2}
{"id":7227,"label":2}
{"id":7228,"label":2}
{"id":7229,"label":2}
{"id":7230,"label":2}
{"id":7231,"label":2}
{"id":7232,"label":2}
{"id":7233,"label":2}
{"id":7234,"label":2}
{"id":7235,"label":2}
{"id":7236,"label":2}
{"id":7237,"label":2}
{"id":7238,"label":2}
{"id":7239,"label":2}
{"id":7240,"label":2}
{"id":7241,"label":2}
{"id":7242,"label":2}
{"id":7243,"label":2}
{"id":7244,"label":2}
{"id":7245,"label":2}
{"id":7246,"label":2}
{"id":7247,"label":2}
{"id":7248,"label":2}
{"id":7249,"label":2}
{"id":7250,"label":2}
{"id":7251,"label":2}
{"id":7252,"label":2}
{"id":7253,"label":2}
{"id":7254,"label":2}
{"id":7255,"label":2}
{"id":7256,"label":2}
{"id":7257,"label":2}
{"id":7258,"label":2}
{"id":7259,"label":2}
{"id":7260,"label":2}
{"id":7261,"label":2}
{"id":7262,"label":2}
{"id":7263,"label":2}
{"id":7264,"label":2}
{"id":7265,"label":2}
{"id":7266,"label":2}
{"id":7267,"label":2}
{"id":7268,"label":2}
{"id":7269,"label":2}
{"id":7270,"label":2}
{"id":7271,"label":2}
{"id":7272,"label":2}
{"id":7273,"label":2}
{"id":7274,"label":2}
{"id":7275,"label":2}
{"id":7276,"label":2}
{"id":7277,"label":2}
{"id":7278,"label":2}
{"id":7279,"label":2}
{"id":7280,"label":2}
{"id":7281,"label":2}
{"id":7282,"label":2}
{"id":7283,"label":2}
{"id":7284,"label":2}
{"id":7285,"label":2}
{"id":7286,"label":2}
{"id":7287,"label":2}
{"id":7288,"label":2}
{"id":7289,"label":2}
{"id":7290,"label":2}
{"id":7291,"label":2}
{"id":7292,"label":2}
{"id":7293,"label":2}
{"id":7294,"label":2}
{"id":7295,"label":2}
{"id":7296,"label":2}
{"id":7297,"label":2}
{"id":7298,"label":2}
{"id":7299,"label":2}
{"id":7300,"label":2}
{"id":7301,"label":2}
{"id":7302,"label":2}
{"id":7303,"label":2}
{"id":7304,"label":2}
{"id":7305,"label":2}
{"id":7306,"label":2}
{"id":7307,"label":2}
{"id":7308,"label":2}
{"id":7309,"label":2}
{"id":7310,"label":2}
{"id":7311,"label":2}
{"id":7312,"label":2}
{"id":7313,"label":2}
{"id":7314,"label":2}
{"id":7315,"label":2}
{"id":7316,"label":2}
{"id":7317,"label":2}
{"id":7318,"label":2}
{"id":7319,"label":2}
{"id":7320,"label":2}
{"id":7321,"label":2}
{"id":7322,"label":2}
{"id":7323,"label":2}
{"id":7324,"label":2}
{"id":7325,"label":2}
{"id":7326,"label":2}
{"id":7327,"label":2}
{"id":7328,"label":2}
{"id":7329,"label":2}
{"id":7330,"label":2}
{"id":7331,"label":2}
{"id":7332,"label":2}
{"id":7333,"label":2}
{"id":7334,"label":2}
{"id":7335,"label":2}
{"id":7336,"label":2}
{"id":7337,"label":2}
{"id":7338,"label":2}
{"id":7339,"label":2}
{"id":7340,"label":2}
{"id":7341,"label":2}
{"id":7342,"label":2}
{"id":7343,"label":2}
{"id":7344,"label":2}
{"id":7345,"label":2}
{"id":7346,"label":2}
{"id":7347,"label":2}
{"id":7348,"label":3}
{"id":7349,"label":2}
{"id":7350,"label":2}
{"id":7351,"label":2}
{"id":7352,"label":2}
{"id":7353,"label":2}
{"id":7354,"label":2}
{"id":7355,"label":2}
{"id":7356,"label":2}
{"id":7357,"label":2}
{"id":7358,"label":2}
{"id":7359,"label":2}
{"id":7360,"label":2}
{"id":7361,"label":2}
{"id":7362,"label":2}
{"id":7363,"label":2}
{"id":7364,"label":2}
{"id":7365,"label":2}
{"id":7366,"label":2}
{"id":7367,"label":2}
{"id":7368,"label":2}
{"id":7369,"label":2}
{"id":7370,"label":2}
{"id":7371,"label":2}
{"id":7372,"label":3}
{"id":7373,"label":2}
{"id":7374,"label":2}
{"id":7375,"label":2}
{"id":7376,"label":2}
{"id":7377,"label":2}
{"id":7378,"label":2}
{"id":7379,"label":2}
{"id":7380,"label":2}
{"id":7381,"label":2}
{"id":7382,"label":2}
{"id":7383,"label":2}
{"id":7384,"label":2}
{"id":7385,"label":2}
{"id":7386,"label":2}
{"id":7387,"label":2}
{"id":7388,"label":2}
{"id":7389,"label":2}
{"id":7390,"label":2}
{"id":7391,"label":2}
{"id":7392,"label":2}
{"id":7393,"label":2}
{"id":7394,"label":2}
{"id":7395,"label":2}
{"id":7396,"label":2}
{"id":7397,"label":2}
{"id":7398,"label":2}
{"id":7399,"label":2}
{"id":7400,"label":2}
{"id":7401,"label":2}
{"id":7402,"label":2}
{"id":7403,"label":2}
{"id":7404,"label":2}
{"id":7405,"label":2}
{"id":7406,"label":2}
{"id":7407,"label":2}
{"id":7408,"label":2}
{"id":7409,"label":2}
{"id":7410,"label":2}
{"id":7411,"label":2}
{"id":7412,"label":2}
{"id":7413,"label":2}
{"id":7414,"label":2}
{"id":7415,"label":2}
{"id":7416,"label":2}
{"id":7417,"label":2}
{"id":7418,"label":2}
{"id":7419,"label":2}
{"id":7420,"label":2}
{"id":7421,"label":2}
{"id":7422,"label":2}
{"id":7423,"label":2}
{"id":7424,"label":2}
{"id":7425,"label":2}
{"id":7426,"label":2}
{"id":7427,"label":2}
{"id":7428,"label":2}
{"id":7429,"label":2}
{"id":7430,"label":2}
{"id":7431,"label":2}
{"id":7432,"label":2}
{"id":7433,"label":2}
{"id":7434,"label":2}
{"id":7435,"label":2}
{"id":7436,"label":2}
{"id":7437,"label":2}
{"id":7438,"label":2}
{"id":7439,"label":2}
{"id":7440,"label":2}
{"id":7441,"label":2}
{"id":7442,"label":2}
{"id":7443,"label":2}
{"id":7444,"label":2}
{"id":7445,"label":2}
{"id":7446,"label":2}
{"id":7447,"label":2}
{"id":7448,"label":2}
{"id":7449,"label":2}
{"id":7450,"label":2}
{"id":7451,"label":2}
{"id":7452,"label":2}
{"id":7453,"label":2}
{"id":7454,"label":2}
{"id":7455,"label":2}
{"id":7456,"label":2}
{"id":7457,"label":2}
{"id":7458,"label":2}
{"id":7459,"label":2}
{"id":7460,"label":2}
{"id":7461,"label":2}
{"id":7462,"label":2}
{"id":7463,"label":2}
{"id":7464,"label":2}
{"id":7465,"label":2}
{"id":7466,"label":2}
{"id":7467,"label":2}
{"id":7468,"label":2}
{"id":7469,"label":2}
{"id":7470,"label":2}
{"id":7471,"label":2}
{"id":7472,"label":2}
{"id":7473,"label":2}
{"id":7474,"label":2}
{"id":7475,"label":2}
{"id":7476,"label":2}
{"id":7477,"label":2}
{"id":7478,"label":2}
{"id":7479,"label":2}
{"id":7480,"label":2}
{"id":7481,"label":2}
{"id":7482,"label":2}
{"id":7483,"label":2}
{"id":7484,"label":2}
{"id":7485,"label":2}
{"id":7486,"label":2}
{"id":7487,"label":2}
{"id":7488,"label":2}
{"id":7489,"label":2}
{"id":7490,"label":2}
{"id":7491,"label":2}
{"id":7492,"label":2}
{"id":7493,"label":2}
{"id":7494,"label":2}
{"id":7495,"label":2}
{"id":7496,"label":2}
{"id":7497,"label":2}
{"id":7498,"label":2}
{"id":7499,"label":2}
{"id":7500,"label":2}
{"id":7501,"label":2}
{"id":7502,"label":2}
{"id":7503,"label":2}
{"id":7504,"label":2}
{"id":7505,"label":2}
{"id":7506,"label":2}
{"id":7507,"label":2}
{"id":7508,"label":2}
{"id":7509,"label":2}
{"id":7510,"label":2}
{"id":7511,"label":2}
{"id":7512,"label":2}
{"id":7513,"label":2}
{"id":7514,"label":2}
{"id":7515,"label":2}
{"id":7516,"label":3}
{"id":7517,"label":2}
{"id":7518,"label":2}
{"id":7519,"label":2}
{"id":7520,"label":2}
{"id":7521,"label":2}
{"id":7522,"label":2}
{"id":7523,"label":2}
{"id":7524,"label":2}
{"id":7525,"label":2}
{"id":7526,"label":2}
{"id":7527,"label":2}
{"id":7528,"label":2}
{"id":7529,"label":2}
{"id":7530,"label":2}
{"id":7531,"label":2}
{"id":7532,"label":2}
{"id":7533,"label":2}
{"id":7534,"label":2}
{"id":7535,"label":2}
{"id":7536,"label":2}
{"id":7537,"label":2}
{"id":7538,"label":2}
{"id":7539,"label":2}
{"id":7540,"label":2}
{"id":7541,"label":2}
{"id":7542,"label":2}
{"id":7543,"label":2}
{"id":7544,"label":2}
{"id":9387,"label":2}
{"id":9388,"label":2}
{"id":9389,"label":2}
{"id":9390,"label":2}
{"id":9391,"label":2}
{"id":9392,"label":2}
{"id":9393,"label":2}
{"id":9394,"label":2}
{"id":9395,"label":3}
{"id":9396,"label":2}
{"id":9397,"label":2}
{"id":9398,"label":2}
{"id":9399,"label":2}
{"id":9400,"label":2}
{"id":9401,"label":2}
{"id":9402,"label":2}
{"id":9403,"label":2}
{"id":9404,"label":2}
{"id":9405,"label":2}
{"id":9406,"label":2}
{"id":9407,"label":2}
{"id":9408,"label":2}
{"id":9409,"label":2}
{"id":9410,"label":2}
{"id":9411,"label":2}
{"id":9412,"label":2}
{"id":9413,"label":2}
{"id":9414,"label":2}
{"id":9415,"label":2}
{"id":9416,"label":2}
{"id":9417,"label":2}
{"id":9418,"label":3}
{"id":9419,"label":2}
{"id":9420,"label":2}
{"id":9421,"label":3}
{"id":9422,"label":2}
{"id":9423,"label":3}
{"id":9424,"label":2}
{"id":9425,"label":2}
{"id":9426,"label":2}
{"id":9427,"label":2}
{"id":9428,"label":2}
{"id":9429,"label":2}
{"id":9430,"label":2}
{"id":9431,"label":2}
{"id":9432,"label":2}
{"id":9433,"label":2}
{"id":9434,"label":2}
{"id":9435,"label":2}
{"id":9436,"label":2}
{"id":9437,"label":2}
{"id":9438,"label":2}
{"id":9439,"label":2}
{"id":9440,"label":2}
{"id":9441,"label":2}
{"id":9442,"label":2}
{"id":9443,"label":2}
{"id":9444,"label":2}
{"id":9445,"label":2}
{"id":9446,"label":3}
{"id":9447,"label":2}
{"id":9448,"label":2}
{"id":9449,"label":2}
{"id":9450,"label":2}
{"id":9451,"label":2}
{"id":9452,"label":2}
{"id":9453,"label":2}
{"id":9454,"label":2}
{"id":9455,"label":2}
{"id":9456,"label":2}
{"id":9457,"label":3}
{"id":9458,"label":3}
{"id":9459,"label":2}
{"id":9460,"label":2}
{"id":9461,"label":2}
{"id":9462,"label":2}
{"id":9463,"label":2}
{"id":9464,"label":2}
{"id":9465,"label":2}
{"id":9466,"label":2}
{"id":9467,"label":2}
{"id":9468,"label":2}
{"id":9469,"label":2}
{"id":9470,"label":2}
{"id":9471,"label":2}
{"id":9472,"label":2}
{"id":9473,"label":2}
{"id":9474,"label":3}
{"id":9475,"label":2}
{"id":9476,"label":2}
{"id":9477,"label":2}
{"id":9478,"label":2}
{"id":9479,"label":2}
{"id":9480,"label":2}
{"id":9481,"label":2}
{"id":9482,"label":2}
{"id":9483,"label":2}
{"id":9484,"label":2}
{"id":9485,"label":2}
{"id":9486,"label":2}
{"id":9487,"label":2}
{"id":9488,"label":2}
{"id":9489,"label":2}
{"id":9490,"label":2}
{"id":9491,"label":2}
{"id":9492,"label":2}
{"id":9493,"label":3}
{"id":9494,"label":2}
{"id":9495,"label":2}
{"id":9496,"label":2}
{"id":9497,"label":2}
{"id":9498,"label":2}
{"id":9499,"label":2}
{"id":9500,"label":2}
{"id":9501,"label":2}
{"id":9502,"label":2}
{"id":9503,"label":2}
{"id":9504,"label":2}
{"id":9505,"label":2}
{"id":9506,"label":2}
{"id":9507,"label":2}
{"id":9508,"label":2}
{"id":9509,"label":2}
{"id":9510,"label":3}
{"id":9511,"label":2}
{"id":9512,"label":2}
{"id":9513,"label":2}
{"id":9514,"label":2}
{"id":9515,"label":2}
{"id":9516,"label":2}
{"id":9517,"label":2}
{"id":9518,"label":2}
{"id":9519,"label":2}
{"id":9520,"label":2}
{"id":9521,"label":2}
{"id":9522,"label":2}
{"id":9523,"label":2}
{"id":9524,"label":2}
{"id":9525,"label":3}
{"id":9526,"label":2}
{"id":9527,"label":2}
{"id":9528,"label":2}
{"id":9529,"label":3}
{"id":9530,"label":2}
{"id":9531,"label":2}
{"id":9532,"label":2}
{"id":9533,"label":2}
{"id":9534,"label":2}
{"id":9535,"label":2}
{"id":9536,"label":2}
{"id":9537,"label":2}
{"id":9538,"label":2}
{"id":9539,"label":2}
{"id":9540,"label":2}
{"id":9541,"label":2}
{"id":9542,"label":2}
{"id":9543,"label":2}
{"id":9544,"label":2}
{"id":9545,"label":2}
{"id":9546,"label":2}
{"id":9547,"label":2}
{"id":9548,"label":2}
{"id":9549,"label":3}
{"id":9550,"label":2}
{"id":9551,"label":2}
{"id":9552,"label":2}
{"id":9553,"label":2}
{"id":9554,"label":2}
{"id":9555,"label":2}
{"id":9556,"label":2}
{"id":9557,"label":2}
{"id":9558,"label":3}
{"id":9559,"label":2}
{"id":9560,"label":2}
{"id":9561,"label":2}
{"id":9562,"label":2}
{"id":9563,"label":2}
{"id":9564,"label":2}
{"id":9565,"label":2}
{"id":9566,"label":2}
{"id":9567,"label":2}
{"id":9568,"label":2}
{"id":9569,"label":2}
{"id":9570,"label":2}
{"id":9571,"label":2}
{"id":9572,"label":2}
{"id":9573,"label":2}
{"id":9574,"label":2}
{"id":9575,"label":2}
{"id":9576,"label":2}
{"id":9577,"label":2}
{"id":9578,"label":2}
{"id":9579,"label":2}
{"id":9580,"label":2}
{"id":9581,"label":2}
{"id":9582,"label":2}
{"id":9583,"label":2}
{"id":9584,"label":2}
{"id":9585,"label":2}
{"id":9586,"label":2}
{"id":9587,"label":2}
{"id":9588,"label":3}
{"id":9589,"label":2}
{"id":9590,"label":2}
{"id":9591,"label":2}
{"id":9592,"label":2}
{"id":9593,"label":2}
{"id":9594,"label":2}
{"id":9595,"label":3}
{"id":9596,"label":2}
{"id":9597,"label":2}
{"id":9598,"label":2}
{"id":9599,"label":2}
{"id":9600,"label":2}
{"id":9601,"label":2}
{"id":9602,"label":2}
{"id":9603,"label":2}
{"id":9604,"label":2}
{"id":9605,"label":3}
{"id":9606,"label":2}
{"id":9607,"label":2}
{"id":9608,"label":2}
{"id":9609,"label":2}
{"id":9610,"label":2}
{"id":9611,"label":2}
{"id":9612,"label":2}
{"id":9613,"label":2}
{"id":9614,"label":2}
{"id":9615,"label":2}
{"id":9616,"label":2}
{"id":9617,"label":2}
{"id":9618,"label":2}
{"id":9619,"label":2}
{"id":9620,"label":2}
{"id":9621,"label":2}
{"id":9622,"label":2}
{"id":9623,"label":2}
{"id":9624,"label":3}
{"id":9625,"label":3}
{"id":9626,"label":2}
{"id":9627,"label":2}
{"id":9628,"label":2}
{"id":9629,"label":3}
{"id":9630,"label":2}
{"id":9631,"label":2}
{"id":9632,"label":2}
{"id":9633,"label":2}
{"id":9634,"label":2}
{"id":9635,"label":2}
{"id":9636,"label":2}
{"id":9637,"label":2}
{"id":9638,"label":2}
{"id":9639,"label":2}
{"id":9640,"label":2}
{"id":9641,"label":2}
{"id":9642,"label":2}
{"id":9643,"label":2}
{"id":9644,"label":2}
{"id":9645,"label":2}
{"id":9646,"label":2}
{"id":9647,"label":2}
{"id":9648,"label":2}
{"id":9649,"label":2}
{"id":9650,"label":2}
{"id":9651,"label":2}
{"id":9652,"label":2}
{"id":9653,"label":3}
{"id":9654,"label":2}
{"id":9655,"label":2}
{"id":9656,"label":2}
{"id":9657,"label":2}
{"id":9658,"label":2}
{"id":9659,"label":2}
{"id":9660,"label":2}
{"id":9661,"label":2}
{"id":9662,"label":2}
{"id":9663,"label":2}
{"id":9664,"label":2}
{"id":9665,"label":3}
{"id":9666,"label":2}
{"id":9667,"label":2}
{"id":9668,"label":2}
{"id":9669,"label":2}
{"id":9670,"label":2}
{"id":9671,"label":2}
{"id":9672,"label":2}
{"id":9673,"label":3}
{"id":9674,"label":2}
{"id":9675,"label":2}
{"id":9676,"label":2}
{"id":9677,"label":2}
{"id":9678,"label":2}
{"id":9679,"label":2}
{"id":9680,"label":2}
{"id":9681,"label":2}
{"id":9682,"label":2}
{"id":9683,"label":2}
{"id":9684,"label":2}
{"id":9685,"label":2}
{"id":9686,"label":2}
{"id":9687,"label":2}
{"id":9688,"label":2}
{"id":9689,"label":2}
{"id":9690,"label":3}
{"id":9691,"label":2}
{"id":9692,"label":2}
{"id":9693,"label":3}
{"id":9694,"label":2}
{"id":9695,"label":2}
{"id":9696,"label":2}
{"id":9697,"label":2}
{"id":9698,"label":2}
{"id":9699,"label":2}
{"id":9700,"label":2}
{"id":9701,"label":2}
{"id":9702,"label":2}
{"id":9703,"label":2}
{"id":9704,"label":2}
{"id":9705,"label":2}
{"id":9706,"label":2}
{"id":9707,"label":2}
{"id":9708,"label":2}
{"id":9709,"label":2}
{"id":9710,"label":2}
{"id":9711,"label":2}
{"id":9712,"label":2}
{"id":9713,"label":2}
{"id":9714,"label":2}
{"id":9715,"label":2}
{"id":9716,"label":2}
{"id":9717,"label":2}
{"id":9718,"label":2}
{"id":9719,"label":2}
{"id":9720,"label":2}
{"id":9721,"label":2}
{"id":9722,"label":2}
{"id":9723,"label":2}
{"id":9724,"label":2}
{"id":9725,"label":2}
{"id":9726,"label":2}
{"id":9727,"label":2}
{"id":9728,"label":2}
{"id":9729,"label":2}
{"id":9730,"label":2}
{"id":9731,"label":2}
{"id":9732,"label":2}
{"id":9733,"label":2}
{"id":9734,"label":2}
{"id":9735,"label":2}
{"id":9736,"label":2}
{"id":9737,"label":3}
{"id":9738,"label":2}
{"id":9739,"label":2}
{"id":9740,"label":2}
{"id":9741,"label":2}
{"id":9742,"label":2}
{"id":9743,"label":2}
{"id":9744,"label":2}
{"id":9745,"label":2}
{"id":9746,"label":2}
{"id":9747,"label":2}
{"id":9748,"label":2}
{"id":9749,"label":2}
{"id":9750,"label":3}
{"id":9751,"label":2}
{"id":9752,"label":2}
{"id":9753,"label":2}
{"id":9754,"label":2}
{"id":9755,"label":2}
{"id":9756,"label":2}
{"id":9757,"label":3}
{"id":9758,"label":2}
{"id":9759,"label":2}
{"id":9760,"label":2}
{"id":9761,"label":2}
{"id":9762,"label":2}
{"id":9763,"label":2}
{"id":9764,"label":2}
{"id":9765,"label":2}
{"id":9766,"label":2}
{"id":9767,"label":2}
{"id":9768,"label":2}
{"id":9769,"label":2}
{"id":9770,"label":2}
{"id":9771,"label":2}
{"id":9772,"label":2}
{"id":9773,"label":2}
{"id":9774,"label":2}
{"id":9775,"label":2}
{"id":9776,"label":2}
{"id":9777,"label":2}
{"id":9778,"label":2}
{"id":9779,"label":2}
{"id":9780,"label":2}
{"id":9781,"label":3}
{"id":9782,"label":2}
{"id":9783,"label":2}
{"id":9784,"label":2}
{"id":9785,"label":3}
{"id":9786,"label":3}
{"id":9787,"label":2}
{"id":9788,"label":2}
{"id":9789,"label":3}
{"id":9790,"label":2}
{"id":9791,"label":2}
{"id":9792,"label":2}
{"id":9793,"label":3}
{"id":9794,"label":2}
{"id":9795,"label":2}
{"id":9796,"label":2}
{"id":9797,"label":2}
{"id":9798,"label":2}
{"id":9799,"label":2}
{"id":9800,"label":2}
{"id":9801,"label":2}
{"id":9802,"label":2}
{"id":9803,"label":2}
{"id":9804,"label":2}
{"id":9805,"label":2}
{"id":9806,"label":2}
{"id":9807,"label":2}
{"id":9808,"label":2}
{"id":9809,"label":2}
{"id":9810,"label":3}
{"id":9811,"label":2}
{"id":9812,"label":2}
{"id":9813,"label":2}
{"id":9814,"label":2}
{"id":9815,"label":2}
{"id":9816,"label":2}
{"id":9817,"label":2}
{"id":9818,"label":2}
{"id":9819,"label":2}
{"id":9820,"label":2}
{"id":9821,"label":2}
{"id":9822,"label":2}
{"id":9823,"label":2}
{"id":9824,"label":2}
{"id":9825,"label":2}
{"id":9826,"label":2}
{"id":9827,"label":2}
{"id":9828,"label":2}
{"id":9829,"label":2}
{"id":9830,"label":2}
{"id":9831,"label":2}
{"id":9832,"label":2}
{"id":9833,"label":2}
{"id":9834,"label":2}
{"id":9835,"label":2}
{"id":9836,"label":2}
{"id":9837,"label":2}
{"id":9838,"label":3}
{"id":9839,"label":2}
{"id":9840,"label":2}
{"id":9841,"label":2}
{"id":9842,"label":3}
{"id":9843,"label":2}
{"id":9844,"label":2}
{"id":9845,"label":2}
{"id":9846,"label":2}
{"id":9847,"label":2}
{"id":9848,"label":2}
{"id":9849,"label":2}
{"id":9850,"label":2}
{"id":9851,"label":2}
{"id":9852,"label":2}
{"id":9853,"label":2}
{"id":9854,"label":2}
{"id":9855,"label":2}
{"id":9856,"label":2}
{"id":9857,"label":2}
{"id":9858,"label":2}
{"id":9859,"label":2}
{"id":9860,"label":2}
{"id":9861,"label":2}
{"id":9862,"label":2}
{"id":9863,"label":2}
{"id":9864,"label":2}
{"id":9865,"label":2}
{"id":9866,"label":2}
{"id":9867,"label":2}
{"id":9868,"label":2}
{"id":9869,"label":2}
{"id":9870,"label":2}
{"id":9871,"label":2}
{"id":9872,"label":2}
{"id":9873,"label":2}
{"id":9874,"label":2}
{"id":9875,"label":2}
{"id":9876,"label":2}
{"id":9877,"label":2}
{"id":9878,"label":2}
{"id":9879,"label":2}
{"id":9880,"label":2}
{"id":9881,"label":2}
{"id":9882,"label":3}
{"id":9883,"label":3}
{"id":9884,"label":2}
{"id":9885,"label":2}
{"id":9886,"label":2}
{"id":11721,"label":4}
{"id":11722,"label":4}
{"id":11723,"label":4}
{"id":11724,"label":4}
{"id":11725,"label":4}
{"id":11726,"label":4}
{"id":11727,"label":4}
{"id":11728,"label":4}
{"id":11729,"label":4}
{"id":11730,"label":4}
{"id":11731,"label":4}
{"id":11732,"label":4}
{"id":11733,"label":4}
{"id":11734,"label":4}
{"id":11735,"label":4}
{"id":11736,"label":4}
{"id":11737,"label":4}
{"id":11738,"label":4}
{"id":11739,"label":4}
{"id":11740,"label":4}
{"id":11741,"label":4}
{"id":11742,"label":4}
{"id":11743,"label":4}
{"id":11744,"label":4}
{"id":11745,"label":4}
{"id":11746,"label":4}
{"id":11747,"label":4}
{"id":11748,"label":4}
{"id":11749,"label":4}
{"id":11750,"label":4}
{"id":11751,"label":4}
{"id":11752,"label":4}
{"id":11753,"label":4}
{"id":11754,"label":4}
{"id":11755,"label":4}
{"id":11756,"label":4}
{"id":11757,"label":4}
{"id":11758,"label":4}
{"id":11759,"label":4}
{"id":11760,"label":4}
{"id":11761,"label":4}
{"id":11762,"label":4}
{"id":11763,"label":4}
{"id":11764,"label":4}
{"id":11765,"label":4}
{"id":11766,"label":4}
{"id":11767,"label":4}
{"id":11768,"label":4}
{"id":11769,"label":4}
{"id":11770,"label":4}
{"id":11771,"label":4}
{"id":11772,"label":4}
{"id":11773,"label":4}
{"id":11774,"label":4}
{"id":11775,"label":4}
{"id":11776,"label":4}
{"id":11777,"label":4}
{"id":11778,"label":4}
{"id":11779,"label":4}
{"id":11780,"label":4}
{"id":11781,"label":4}
{"id":11782,"label":4}
{"id":11783,"label":4}
{"id":11784,"label":4}
{"id":11785,"label":4}
{"id":11786,"label":4}
{"id":11787,"label":4}
{"id":11788,"label":4}
{"id":11789,"label":4}
{"id":11790,"label":4}
{"id":11791,"label":4}
{"id":11792,"label":4}
{"id":11793,"label":4}
{"id":11794,"label":4}
{"id":11795,"label":4}
{"id":11796,"label":4}
{"id":11797,"label":4}
{"id":11798,"label":4}
{"id":11799,"label":4}
{"id":11800,"label":4}
{"id":11801,"label":4}
{"id":11802,"label":4}
{"id":11803,"label":4}
{"id":11804,"label":4}
{"id":11805,"label":4}
{"id":11806,"label":4}
{"id":11807,"label":4}
{"id":11808,"label":4}
{"id":11809,"label":4}
{"id":11810,"label":4}
{"id":11811,"label":4}
{"id":11812,"label":4}
{"id":11813,"label":4}
{"id":11814,"label":4}
{"id":11815,"label":4}
{"id":11816,"label":4}
{"id":11817,"label":4}
{"id":11818,"label":4}
{"id":11819,"label":4}
{"id":11820,"label":4}
{"id":11821,"label":4}
{"id":11822,"label":4}
{"id":11823,"label":4}
{"id":11824,"label":4}
{"id":11825,"label":4}
{"id":11826,"label":4}
{"id":11827,"label":4}
{"id":11828,"label":4}
{"id":11829,"label":4}
{"id":11830,"label":4}
{"id":11831,"label":4}
{"id":11832,"label":4}
{"id":11833,"label":4}
{"id":11834,"label":4}
{"id":11835,"label":4}
{"id":11836,"label":4}
{"id":11837,"label":4}
{"id":11838,"label":4}
{"id":11839,"label":4}
{"id":11840,"label":4}
{"id":11841,"label":4}
{"id":11842,"label":4}
{"id":11843,"label":4}
{"id":11844,"label":4}
{"id":11845,"label":4}
{"id":11846,"label":4}
{"id":11847,"label":4}
{"id":11848,"label":4}
{"id":11849,"label":4}
{"id":11850,"label":4}
{"id":11851,"label":4}
{"id":11852,"label":4}
{"id":11853,"label":4}
{"id":11854,"label":4}
{"id":11855,"label":4}
{"id":11856,"label":4}
{"id":11857,"label":4}
{"id":11858,"label":4}
{"id":11859,"label":4}
{"id":11860,"label":4}
{"id":11861,"label":4}
{"id":11862,"label":4}
{"id":11863,"label":4}
{"id":11864,"label":4}
{"id":11865,"label":4}
{"id":11866,"label":4}
{"id":11867,"label":4}
{"id":11868,"label":4}
{"id":11869,"label":4}
{"id":11870,"label":4}
{"id":11871,"label":4}
{"id":11872,"label":4}
{"id":11873,"label":4}
{"id":11874,"label":4}
{"id":11875,"label":4}
{"id":11876,"label":4}
{"id":11877,"label":4}
{"id":11878,"label":4}
{"id":11879,"label":4}
{"id":11880,"label":4}
{"id":11881,"label":4}
{"id":11882,"label":4}
{"id":11883,"label":4}
{"id":11884,"label":4}
{"id":11885,"label":4}
{"id":11886,"label":4}
{"id":11887,"label":4}
{"id":11888,"label":4}
{"id":11889,"label":4}
{"id":11890,"label":4}
{"id":11891,"label":4}
{"id":11892,"label":4}
{"id":11893,"label":4}
{"id":11894,"label":4}
{"id":11895,"label":4}
{"id":11896,"label":4}
{"id":11897,"label":4}
{"id":11898,"label":4}
{"id":11899,"label":4}
{"id":11900,"label":4}
{"id":11901,"label":4}
{"id":11902,"label":4}
{"id":11903,"label":4}
{"id":11904,"label":4}
{"id":11905,"label":4}
{"id":11906,"label":4}
{"id":11907,"label":4}
{"id":11908,"label":4}
{"id":11909,"label":4}
{"id":11910,"label":4}
{"id":11911,"label":4}
{"id":11912,"label":4}
{"id":11913,"label":4}
{"id":11914,"label":4}
{"id":11915,"label":4}
{"id":11916,"label":4}
{"id":11917,"label":4}
{"id":11918,"label":4}
{"id":11919,"label":4}
{"id":11920,"label":4}
{"id":11921,"label":4}
{"id":11922,"label":4}
{"id":11923,"label":4}
{"id":11924,"label":4}
{"id":11925,"label":4}
{"id":11926,"label":4}
{"id":11927,"label":4}
{"id":11928,"label":4}
{"id":11929,"label":4}
{"id":11930,"label":4}
{"id":11931,"label":4}
{"id":11932,"label":4}
{"id":11933,"label":4}
{"id":11934,"label":4}
{"id":11935,"label":4}
{"id":11936,"label":4}
{"id":11937,"label":4}
{"id":11938,"label":4}
{"id":11939,"label":3}
{"id":11940,"label":4}
{"id":11941,"label":4}
{"id":11942,"label":4}
{"id":11943,"label":4}
{"id":11944,"label":4}
{"id":11945,"label":4}
{"id":11946,"label":4}
{"id":11947,"label":4}
{"id":11948,"label":4}
{"id":11949,"label":4}
{"id":11950,"label":4}
{"id":11951,"label":4}
{"id":11952,"label":4}
{"id":11953,"label":4}
{"id":11954,"label":4}
{"id":11955,"label":4}
{"id":11956,"label":4}
{"id":11957,"label":4}
{"id":11958,"label":4}
{"id":11959,"label":4}
{"id":11960,"label":4}
{"id":11961,"label":4}
{"id":11962,"label":4}
{"id":11963,"label":4}
{"id":11964,"label":4}
{"id":11965,"label":4}
{"id":11966,"label":4}
{"id":11967,"label":4}
{"id":11968,"label":4}
{"id":11969,"label":4}
{"id":11970,"label":4}
{"id":11971,"label":4}
{"id":11972,"label":4}
{"id":11973,"label":4}
{"id":11974,"label":4}
{"id":11975,"label":4}
{"id":11976,"label":4}
{"id":11977,"label":4}
{"id":11978,"label":4}
{"id":11979,"label":4}
{"id":11980,"label":4}
{"id":11981,"label":4}
{"id":11982,"label":4}
{"id":11983,"label":4}
{"id":11984,"label":4}
{"id":11985,"label":4}
{"id":11986,"label":4}
{"id":11987,"label":4}
{"id":11988,"label":4}
{"id":11989,"label":4}
{"id":11990,"label":4}
{"id":11991,"label":4}
{"id":11992,"label":4}
{"id":11993,"label":4}
{"id":11994,"label":4}
{"id":11995,"label":4}
{"id":11996,"label":4}
{"id":11997,"label":4}
{"id":11998,"label":4}
{"id":11999,"label":4}
{"id":12000,"label":4}
{"id":12001,"label":4}
{"id":12002,"label":4}
{"id":12003,"label":4}
{"id":12004,"label":4}
{"id":12005,"label":4}
{"id":12006,"label":4}
{"id":12007,"label":4}
{"id":12008,"label":4}
{"id":12009,"label":4}
{"id":12010,"label":4}
{"id":12011,"label":4}
{"id":12012,"label":4}
{"id":12013,"label":4}
{"id":12014,"label":4}
{"id":12015,"label":4}
{"id":12016,"label":4}
{"id":12017,"label":4}
{"id":12018,"label":4}
{"id":12019,"label":4}
{"id":12020,"label":4}
{"id":12021,"label":4}
{"id":12022,"label":4}
{"id":12023,"label":4}
{"id":12024,"label":4}
{"id":12025,"label":4}
{"id":12026,"label":4}
{"id":12027,"label":4}
{"id":12028,"label":4}
{"id":12029,"label":4}
{"id":12030,"label":4}
{"id":12031,"label":4}
{"id":12032,"label":4}
{"id":12033,"label":4}
{"id":12034,"label":4}
{"id":12035,"label":4}
{"id":12036,"label":4}
{"id":12037,"label":4}
{"id":12038,"label":4}
{"id":12039,"label":4}
{"id":12040,"label":4}
{"id":12041,"label":4}
{"id":12042,"label":4}
{"id":12043,"label":4}
{"id":12044,"label":4}
{"id":12045,"label":4}
{"id":12046,"label":4}
{"id":12047,"label":4}
{"id":12048,"label":4}
{"id":12049,"label":4}
{"id":12050,"label":4}
{"id":12051,"label":4}
{"id":12052,"label":4}
{"id":12053,"label":4}
{"id":12054,"label":4}
{"id":12055,"label":4}
{"id":12056,"label":4}
{"id":12057,"label":4}
{"id":12058,"label":4}
{"id":12059,"label":4}
{"id":12060,"label":4}
{"id":12061,"label":4}
{"id":12062,"label":4}
{"id":12063,"label":4}
{"id":12064,"label":4}
{"id":12065,"label":4}
{"id":12066,"label":4}
{"id":12067,"label":4}
{"id":12068,"label":4}
{"id":12069,"label":4}
{"id":12070,"label":4}
{"id":12071,"label":4}
{"id":12072,"label":4}
{"id":12073,"label":4}
{"id":12074,"label":4}
{"id":12075,"label":4}
{"id":12076,"label":4}
{"id":12077,"label":4}
{"id":12078,"label":4}
{"id":12079,"label":4}
{"id":12080,"label":4}
{"id":12081,"label":4}
{"id":12082,"label":4}
{"id":12083,"label":4}
{"id":12084,"label":4}
{"id":12085,"label":4}
{"id":12086,"label":4}
{"id":12087,"label":4}
{"id":12088,"label":4}
{"id":12089,"label":4}
{"id":12090,"label":4}
{"id":12091,"label":4}
{"id":12092,"label":4}
{"id":12093,"label":4}
{"id":12094,"label":4}
{"id":12095,"label":4}
{"id":12096,"label":4}
{"id":12097,"label":4}
{"id":12098,"label":4}
{"id":12099,"label":4}
{"id":12100,"label":4}
{"id":12101,"label":4}
{"id":12102,"label":4}
{"id":12103,"label":4}
{"id":12104,"label":4}
{"id":12105,"label":4}
{"id":12106,"label":4}
{"id":12107,"label":4}
{"id":12108,"label":4}
{"id":12109,"label":4}
{"id":12110,"label":4}
{"id":12111,"label":4}
{"id":12112,"label":4}
{"id":12113,"label":4}
{"id":12114,"label":4}
{"id":12115,"label":4}
{"id":12116,"label":4}
{"id":12117,"label":4}
{"id":12118,"label":4}
{"id":12119,"label":4}
{"id":12120,"label":4}
{"id":12121,"label":4}
{"id":12122,"label":4}
{"id":12123,"label":4}
{"id":12124,"label":4}
{"id":12125,"label":4}
{"id":12126,"label":4}
{"id":12127,"label":4}
{"id":12128,"label":4}
{"id":12129,"label":4}
{"id":12130,"label":4}
{"id":12131,"label":4}
{"id":12132,"label":4}
{"id":12133,"label":4}
{"id":12134,"label":4}
{"id":12135,"label":4}
{"id":12136,"label":4}
{"id":12137,"label":4}
{"id":12138,"label":4}
{"id":12139,"label":4}
{"id":12140,"label":4}
{"id":12141,"label":4}
{"id":12142,"label":4}
{"id":12143,"label":4}
{"id":12144,"label":4}
{"id":12145,"label":4}
{"id":12146,"label":4}
{"id":12147,"label":4}
{"id":12148,"label":4}
{"id":12149,"label":4}
{"id":12150,"label":4}
{"id":12151,"label":4}
{"id":12152,"label":4}
{"id":12153,"label":4}
{"id":12154,"label":4}
{"id":12155,"label":4}
{"id":12156,"label":4}
{"id":12157,"label":4}
{"id":12158,"label":4}
{"id":12159,"label":4}
{"id":12160,"label":4}
{"id":12161,"label":4}
{"id":12162,"label":4}
{"id":12163,"label":4}
{"id":12164,"label":4}
{"id":12165,"label":4}
{"id":12166,"label":4}
{"id":12167,"label":4}
{"id":12168,"label":4}
{"id":12169,"label":4}
{"id":12170,"label":4}
{"id":12171,"label":4}
{"id":12172,"label":4}
{"id":12173,"label":4}
{"id":12174,"label":4}
{"id":12175,"label":4}
{"id":12176,"label":4}
{"id":12177,"label":4}
{"id":12178,"label":4}
{"id":12179,"label":4}
{"id":12180,"label":4}
{"id":12181,"label":4}
{"id":12182,"label":4}
{"id":12183,"label":4}
{"id":12184,"label":4}
{"id":12185,"label":4}
{"id":12186,"label":4}
{"id":12187,"label":4}
{"id":12188,"label":3}
{"id":12189,"label":4}
{"id":12190,"label":4}
{"id":12191,"label":4}
{"id":12192,"label":4}
{"id":12193,"label":4}
{"id":12194,"label":4}
{"id":12195,"label":4}
{"id":12196,"label":4}
{"id":12197,"label":4}
{"id":12198,"label":4}
{"id":12199,"label":4}
{"id":12200,"label":4}
{"id":12201,"label":4}
{"id":12202,"label":4}
{"id":12203,"label":4}
{"id":12204,"label":4}
{"id":12205,"label":4}
{"id":12206,"label":4}
{"id":12207,"label":4}
{"id":12208,"label":4}
{"id":12209,"label":4}
{"id":12210,"label":4}
{"id":12211,"label":4}
{"id":12212,"label":4}
{"id":12213,"label":4}
{"id":12214,"label":4}
{"id":12215,"label":4}
{"id":12216,"label":4}
{"id":12217,"label":4}
{"id":12218,"label":4}
{"id":12219,"label":4}
{"id":12220,"label":4}
{"id":14065,"label":5}
{"id":14066,"label":5}
{"id":14067,"label":5}
{"id":14068,"label":5}
{"id":14069,"label":5}
{"id":14070,"label":5}
{"id":14071,"label":5}
{"id":14072,"label":5}
{"id":14073,"label":5}
{"id":14074,"label":5}
{"id":14075,"label":5}
{"id":14076,"label":5}
{"id":14077,"label":5}
{"id":14078,"label":5}
{"id":14079,"label":5}
{"id":14080,"label":5}
{"id":14081,"label":5}
{"id":14082,"label":5}
{"id":14083,"label":5}
{"id":14084,"label":5}
{"id":14085,"label":5}
{"id":14086,"label":5}
{"id":14087,"label":5}
{"id":14088,"label":5}
{"id":14089,"label":5}
{"id":14090,"label":5}
{"id":14091,"label":5}
{"id":14092,"label":5}
{"id":14093,"label":5}
{"id":14094,"label":5}
{"id":14095,"label":5}
{"id":14096,"label":5}
{"id":14097,"label":5}
{"id":14098,"label":5}
{"id":14099,"label":5}
{"id":14100,"label":5}
{"id":14101,"label":5}
{"id":14102,"label":5}
{"id":14103,"label":5}
{"id":14104,"label":5}
{"id":14105,"label":5}
{"id":14106,"label":5}
{"id":14107,"label":1}
{"id":14108,"label":5}
{"id":14109,"label":5}
{"id":14110,"label":5}
{"id":14111,"label":5}
{"id":14112,"label":5}
{"id":14113,"label":5}
{"id":14114,"label":5}
{"id":14115,"label":5}
{"id":14116,"label":5}
{"id":14117,"label":5}
{"id":14118,"label":5}
{"id":14119,"label":5}
{"id":14120,"label":5}
{"id":14121,"label":5}
{"id":14122,"label":5}
{"id":14123,"label":5}
{"id":14124,"label":5}
{"id":14125,"label":5}
{"id":14126,"label":5}
{"id":14127,"label":5}
{"id":14128,"label":5}
{"id":14129,"label":5}
{"id":14130,"label":5}
{"id":14131,"label":5}
{"id":14132,"label":5}
{"id":14133,"label":5}
{"id":14134,"label":5}
{"id":14135,"label":5}
{"id":14136,"label":5}
{"id":14137,"label":5}
{"id":14138,"label":5}
{"id":14139,"label":5}
{"id":14140,"label":5}
{"id":14141,"label":5}
{"id":14142,"label":5}
{"id":14143,"label":5}
{"id":14144,"label":5}
{"id":14145,"label":5}
{"id":14146,"label":5}
{"id":14147,"label":5}
{"id":14148,"label":1}
{"id":14149,"label":5}
{"id":14150,"label":5}
{"id":14151,"label":5}
{"id":14152,"label":5}
{"id":14153,"label":5}
{"id":14154,"label":5}
{"id":14155,"label":5}
{"id":14156,"label":5}
{"id":14157,"label":5}
{"id":14158,"label":5}
{"id":14159,"label":5}
{"id":14160,"label":5}
{"id":14161,"label":5}
{"id":14162,"label":5}
{"id":14163,"label":5}
{"id":14164,"label":5}
{"id":14165,"label":5}
{"id":14166,"label":5}
{"id":14167,"label":5}
{"id":14168,"label":5}
{"id":14169,"label":5}
{"id":14170,"label":5}
{"id":14171,"label":5}
{"id":14172,"label":5}
{"id":14173,"label":5}
{"id":14174,"label":5}
{"id":14175,"label":5}
{"id":14176,"label":5}
{"id":14177,"label":5}
{"id":14178,"label":5}
{"id":14179,"label":5}
{"id":14180,"label":5}
{"id":14181,"label":5}
{"id":14182,"label":5}
{"id":14183,"label":5}
{"id":14184,"label":5}
{"id":14185,"label":5}
{"id":14186,"label":5}
{"id":14187,"label":5}
{"id":14188,"label":5}
{"id":14189,"label":5}
{"id":14190,"label":5}
{"id":14191,"label":5}
{"id":14192,"label":5}
{"id":14193,"label":5}
{"id":14194,"label":5}
{"id":14195,"label":5}
{"id":14196,"label":5}
{"id":14197,"label":5}
{"id":14198,"label":5}
{"id":14199,"label":5}
{"id":14200,"label":5}
{"id":14201,"label":5}
{"id":14202,"label":5}
{"id":14203,"label":5}
{"id":14204,"label":5}
{"id":14205,"label":5}
{"id":14206,"label":5}
{"id":14207,"label":5}
{"id":14208,"label":5}
{"id":14209,"label":5}
{"id":14210,"label":5}
{"id":14211,"label":5}
{"id":14212,"label":5}
{"id":14213,"label":5}
{"id":14214,"label":5}
{"id":14215,"label":5}
{"id":14216,"label":5}
{"id":14217,"label":5}
{"id":14218,"label":5}
{"id":14219,"label":5}
{"id":14220,"label":5}
{"id":14221,"label":5}
{"id":14222,"label":5}
{"id":14223,"label":5}
{"id":14224,"label":5}
{"id":14225,"label":5}
{"id":14226,"label":5}
{"id":14227,"label":5}
{"id":14228,"label":5}
{"id":14229,"label":5}
{"id":14230,"label":5}
{"id":14231,"label":5}
{"id":14232,"label":5}
{"id":14233,"label":5}
{"id":14234,"label":5}
{"id":14235,"label":5}
{"id":14236,"label":5}
{"id":14237,"label":5}
{"id":14238,"label":5}
{"id":14239,"label":5}
{"id":14240,"label":0}
{"id":14241,"label":5}
{"id":14242,"label":5}
{"id":14243,"label":5}
{"id":14244,"label":1}
{"id":14245,"label":5}
{"id":14246,"label":5}
{"id":14247,"label":5}
{"id":14248,"label":5}
{"id":14249,"label":5}
{"id":14250,"label":5}
{"id":14251,"label":5}
{"id":14252,"label":5}
{"id":14253,"label":5}
{"id":14254,"label":5}
{"id":14255,"label":5}
{"id":14256,"label":5}
{"id":14257,"label":5}
{"id":14258,"label":5}
{"id":14259,"label":5}
{"id":14260,"label":5}
{"id":14261,"label":5}
{"id":14262,"label":5}
{"id":14263,"label":5}
{"id":14264,"label":5}
{"id":14265,"label":5}
{"id":14266,"label":5}
{"id":14267,"label":5}
{"id":14268,"label":3}
{"id":14269,"label":5}
{"id":14270,"label":5}
{"id":14271,"label":5}
{"id":14272,"label":5}
{"id":14273,"label":5}
{"id":14274,"label":5}
{"id":14275,"label":5}
{"id":14276,"label":5}
{"id":14277,"label":5}
{"id":14278,"label":5}
{"id":14279,"label":5}
{"id":14280,"label":5}
{"id":14281,"label":5}
{"id":14282,"label":5}
{"id":14283,"label":5}
{"id":14284,"label":5}
{"id":14285,"label":5}
{"id":14286,"label":5}
{"id":14287,"label":5}
{"id":14288,"label":5}
{"id":14289,"label":5}
{"id":14290,"label":5}
{"id":14291,"label":5}
{"id":14292,"label":5}
{"id":14293,"label":5}
{"id":14294,"label":5}
{"id":14295,"label":5}
{"id":14296,"label":5}
{"id":14297,"label":5}
{"id":14298,"label":5}
{"id":14299,"label":5}
{"id":14300,"label":5}
{"id":14301,"label":5}
{"id":14302,"label":5}
{"id":14303,"label":5}
{"id":14304,"label":5}
{"id":14305,"label":5}
{"id":14306,"label":5}
{"id":14307,"label":5}
{"id":14308,"label":5}
{"id":14309,"label":5}
{"id":14310,"label":5}
{"id":14311,"label":5}
{"id":14312,"label":5}
{"id":14313,"label":5}
{"id":14314,"label":5}
{"id":14315,"label":5}
{"id":14316,"label":5}
{"id":14317,"label":5}
{"id":14318,"label":5}
{"id":14319,"label":5}
{"id":14320,"label":1}
{"id":14321,"label":5}
{"id":14322,"label":5}
{"id":14323,"label":5}
{"id":14324,"label":5}
{"id":14325,"label":5}
{"id":14326,"label":5}
{"id":14327,"label":5}
{"id":14328,"label":5}
{"id":14329,"label":5}
{"id":14330,"label":5}
{"id":14331,"label":5}
{"id":14332,"label":5}
{"id":14333,"label":5}
{"id":14334,"label":5}
{"id":14335,"label":5}
{"id":14336,"label":5}
{"id":14337,"label":5}
{"id":14338,"label":5}
{"id":14339,"label":5}
{"id":14340,"label":5}
{"id":14341,"label":5}
{"id":14342,"label":5}
{"id":14343,"label":5}
{"id":14344,"label":5}
{"id":14345,"label":5}
{"id":14346,"label":5}
{"id":14347,"label":5}
{"id":14348,"label":5}
{"id":14349,"label":5}
{"id":14350,"label":5}
{"id":14351,"label":5}
{"id":14352,"label":5}
{"id":14353,"label":5}
{"id":14354,"label":5}
{"id":14355,"label":5}
{"id":14356,"label":5}
{"id":14357,"label":5}
{"id":14358,"label":5}
{"id":14359,"label":5}
{"id":14360,"label":5}
{"id":14361,"label":5}
{"id":14362,"label":5}
{"id":14363,"label":5}
{"id":14364,"label":5}
{"id":14365,"label":5}
{"id":14366,"label":5}
{"id":14367,"label":5}
{"id":14368,"label":5}
{"id":14369,"label":5}
{"id":14370,"label":5}
{"id":14371,"label":5}
{"id":14372,"label":5}
{"id":14373,"label":5}
{"id":14374,"label":5}
{"id":14375,"label":5}
{"id":14376,"label":5}
{"id":14377,"label":5}
{"id":14378,"label":5}
{"id":14379,"label":5}
{"id":14380,"label":5}
{"id":14381,"label":5}
{"id":14382,"label":5}
{"id":14383,"label":5}
{"id":14384,"label":5}
{"id":14385,"label":5}
{"id":14386,"label":5}
{"id":14387,"label":5}
{"id":14388,"label":5}
{"id":14389,"label":5}
{"id":14390,"label":5}
{"id":14391,"label":5}
{"id":14392,"label":5}
{"id":14393,"label":5}
{"id":14394,"label":5}
{"id":14395,"label":5}
{"id":14396,"label":5}
{"id":14397,"label":5}
{"id":14398,"label":5}
{"id":14399,"label":5}
{"id":14400,"label":5}
{"id":14401,"label":5}
{"id":14402,"label":5}
{"id":14403,"label":5}
{"id":14404,"label":5}
{"id":14405,"label":5}
{"id":14406,"label":5}
{"id":14407,"label":5}
{"id":14408,"label":5}
{"id":14409,"label":5}
{"id":14410,"label":5}
{"id":14411,"label":5}
{"id":14412,"label":5}
{"id":14413,"label":5}
{"id":14414,"label":5}
{"id":14415,"label":5}
{"id":14416,"label":5}
{"id":14417,"label":5}
{"id":14418,"label":5}
{"id":14419,"label":5}
{"id":14420,"label":5}
{"id":14421,"label":5}
{"id":14422,"label":5}
{"id":14423,"label":5}
{"id":14424,"label":5}
{"id":14425,"label":5}
{"id":14426,"label":5}
{"id":14427,"label":5}
{"id":14428,"label":5}
{"id":14429,"label":5}
{"id":14430,"label":5}
{"id":14431,"label":5}
{"id":14432,"label":5}
{"id":14433,"label":5}
{"id":14434,"label":5}
{"id":14435,"label":5}
{"id":14436,"label":5}
{"id":14437,"label":5}
{"id":14438,"label":5}
{"id":14439,"label":5}
{"id":14440,"label":5}
{"id":14441,"label":5}
{"id":14442,"label":5}
{"id":14443,"label":5}
{"id":14444,"label":5}
{"id":14445,"label":5}
{"id":14446,"label":5}
{"id":14447,"label":5}
{"id":14448,"label":5}
{"id":14449,"label":5}
{"id":14450,"label":5}
{"id":14451,"label":5}
{"id":14452,"label":5}
{"id":14453,"label":5}
{"id":14454,"label":5}
{"id":14455,"label":5}
{"id":14456,"label":5}
{"id":14457,"label":5}
{"id":14458,"label":5}
{"id":14459,"label":5}
{"id":14460,"label":5}
{"id":14461,"label":5}
{"id":14462,"label":5}
{"id":14463,"label":5}
{"id":14464,"label":5}
{"id":14465,"label":5}
{"id":14466,"label":5}
{"id":14467,"label":5}
{"id":14468,"label":5}
{"id":14469,"label":5}
{"id":14470,"label":5}
{"id":14471,"label":5}
{"id":14472,"label":5}
{"id":14473,"label":5}
{"id":14474,"label":5}
{"id":14475,"label":5}
{"id":14476,"label":5}
{"id":14477,"label":5}
{"id":14478,"label":5}
{"id":14479,"label":5}
{"id":14480,"label":5}
{"id":14481,"label":5}
{"id":14482,"label":5}
{"id":14483,"label":5}
{"id":14484,"label":5}
{"id":14485,"label":5}
{"id":14486,"label":5}
{"id":14487,"label":5}
{"id":14488,"label":5}
{"id":14489,"label":5}
{"id":14490,"label":5}
{"id":14491,"label":5}
{"id":14492,"label":5}
{"id":14493,"label":5}
{"id":14494,"label":5}
{"id":14495,"label":5}
{"id":14496,"label":5}
{"id":14497,"label":5}
{"id":14498,"label":5}
{"id":14499,"label":5}
{"id":14500,"label":5}
{"id":14501,"label":5}
{"id":14502,"label":5}
{"id":14503,"label":5}
{"id":14504,"label":5}
{"id":14505,"label":5}
{"id":14506,"label":5}
{"id":14507,"label":5}
{"id":14508,"label":5}
{"id":14509,"label":5}
{"id":14510,"label":5}
{"id":14511,"label":5}
{"id":14512,"label":5}
{"id":14513,"label":5}
{"id":14514,"label":5}
{"id":14515,"label":5}
{"id":14516,"label":5}
{"id":14517,"label":5}
{"id":14518,"label":5}
{"id":14519,"label":5}
{"id":14520,"label":5}
{"id":14521,"label":5}
{"id":14522,"label":5}
{"id":14523,"label":5}
{"id":14524,"label":5}
{"id":14525,"label":5}
{"id":14526,"label":5}
{"id":14527,"label":5}
{"id":14528,"label":5}
{"id":14529,"label":5}
{"id":14530,"label":5}
{"id":14531,"label":5}
{"id":14532,"label":5}
{"id":14533,"label":5}
{"id":14534,"label":5}
{"id":14535,"label":5}
{"id":14536,"label":5}
{"id":14537,"label":5}
{"id":14538,"label":5}
{"id":14539,"label":5}
{"id":14540,"label":5}
{"id":14541,"label":5}
{"id":14542,"label":5}
{"id":14543,"label":5}
{"id":14544,"label":5}
{"id":14545,"label":5}
{"id":14546,"label":5}
{"id":14547,"label":5}
{"id":14548,"label":5}
{"id":14549,"label":5}
{"id":14550,"label":5}
{"id":14551,"label":5}
{"id":14552,"label":5}
{"id":14553,"label":5}
{"id":14554,"label":5}
{"id":14555,"label":5}
{"id":14556,"label":5}
{"id":14557,"label":5}
{"id":14558,"label":5}
{"id":14559,"label":5}
{"id":14560,"label":5}
{"id":14561,"label":5}
{"id":14562,"label":5}
{"id":14563,"label":5}
{"id":14564,"label":5}
